,,,,,,,,,,Toll Collection,,Electronic Toll,,,,,,Maximum,Minimum,Average,,,Average,,,,,
,,HPMS,Financing or,,,Length 1/,,,Interstate,One-Way,Both,Collection System? 2/,,Non-Toll,,Federal,,Passenger,Passenger,Passenger Vehicle,Maximum,Minimum,Truck Cost,,,,,
State,Name of Facility,Toll ID,Operating Authority,From,To,Miles,Kilometers,Rural/Urban,Route,"(N,S,E,W)",Ways,No,Yes/Kind,Miles,Remarks,Authority Source,Fee Type,Vehicle Fee,Vehicle Fee,Cost per Vehicle-Mile,Truck Fee,Truck Fee,per Vehicle-Mile,,,,,
California,I-15 Value Pricing Project,16,San Diego Assoc of Gov; CA Dept of Trans,SR 56/ Ted Williams Pkwy,SR 52,8.00,12.87,Urban,15,,X,,FASTRAK/Title 21/Tiris,,Congestion pricing & Transit Dev. Demonstration Program using existing HOV lanes.,None (not a Federal-aid toll facility),,$8.00,$0.50,,,,,,,,,
California,I-680 SMART Carpool Lanes,297,Alameda County Congestion Management Agency,SR 84/ Pleasanton,SR 237 Milpitas,14.00,22.53,Urban,680,S,,,FASTRAK/Title 21/Tiris,,High Occupancy Toll lane using existing HOV lane,Value Pricing Pilot Program,Dynamic Variable: Rate varies based on current traffic conditions,$8.00,$0.30,,$0.00,$0.00,,,,,,
California,I-880 / SR 237 Express Connector,298,Santa Clara Valley Transportation Authority,I-880,SR 237,4.00,6.44,Urban,880,,X,,FASTRAK/Title 21/Tiris,,HOT connector using existing direct HOV connector,Value Pricing Pilot Program,Dynamic Variable: Rate varies based on current traffic conditions,,$0.30,,,,,,,,,
California,I-110 Express Lanes,313,Los Angeles County Metropolitan Transportation Authority,Harbor Gateway Transit Center,Adams Blvd,11.00,17.70,Urban,110,,X,,FASTRAK/Title 21/Tiris,,Congestion pricing & Transit Dev. Demonstration Program using existing HOV lanes.,Section 166 (HOV/HOT lanes),Dynamic Variable: Rate varies based on current traffic conditions,$15.40,$0.25,,,,,,,,,
California,I-10 Express Lanes,338,Los Angeles County Metropolitan Transportation Authority,Alameda St/Union Station,I-605,14.00,22.53,Urban,10,,X,,FASTRAK/Title 21/Tiris,,Congestion pricing & Transit Dev. Demonstration Program using existing HOV lanes.,Section 166 (HOV/HOT lanes),Dynamic Variable: Rate varies based on current traffic conditions,$19.60,$0.25,,,,,,,,,
Colorado,HOV/Tolled Express Lanes,24,Plenary Roads Denver,"20th Ave, downtown Denver",US 36 and Kalamath St.,7.00,11.27,Urban,25,,X,,Express Toll and License Plate Toll (LPT),,Facility is two lane reversible. Toll is full length.  LPT ussers are assessed a surcharge for a max toll and fee of $6.98 and min of $1.45 ,Section 166 (HOV/HOT lanes),Fixed Variable: Rate varies by time of day  based on pre-set schedule,$4.65,$0.70,$0.37,$24.98,$18.70,,,,,,
Delaware,John F. Kennedy Memorial Highway (Delaware Turnpike),28, DE Dept of Trans, Maryland Line,SR 141,11.20,18.02,Urban,95, ,X,,E-ZPass,,Tolls collected both ways N & S,None (not a Federal-aid toll facility),Fixed: Rate does not vary by time of day or traffic conditions (May vary by vehicle/weight class or distance traveled).,$4.00,,$0.23,$11.00,$6.00,$0.28,,,,,
Delaware,John F. Kennedy Memorial Highway (Delaware Turnpike),28, DE Dept of Trans, Maryland Line,SR 141,0.70,1.13,Urban,295, ,X,,E-ZPass,,Tolls collected both ways N & S,None (not a Federal-aid toll facility),Fixed: Rate does not vary by time of day or traffic conditions (May vary by vehicle/weight class or distance traveled).,$4.00,,,,,,,,,,
Florida, Alligator Alley (Everglades Parkway),44,FL Dept of Transportation,East Naples," Andytown, US 27",78.00,125.53,Rural,75,"E,W",,X,"SunPass, EPass, LeeWay",,"One-stop toll configuration, a toll is collected at the West Plaza from vehicles traveling eastbound and the same toll is collected for the westbound traffic at the East Plaza.",Section 129 (General Toll Progam),Fixed: Rate does not vary by time of day or traffic conditions (May vary by vehicle/weight class or distance traveled).,$3.00,$2.85,$0.04,$18.00,$8.55,$0.04,,,,,
Florida,I-95 Express,302,FL Dept of Transportation,I-395,"Golden Glades (TPK, US 441, SR 826)",7.00,11.27,Urban,95,,X,,"SunPass, EPass, LeeWay",,"Variably priced HOT lanes, Trucks not allowed.  Special conditions apply",Value Pricing Pilot Program,Dynamic Variable: Rate varies based on current traffic conditions,$10.50,$0.50,$0.15,N/A,N/A,N/A,,,,,
Florida,I-595 Express,340,"FL Dept of Transportation
I 595 Express, LLC",I-75/Sawgrass Expressway,Florida Turnpike Mainline,9.50,15.29,Urban,595,,x,,"SunPass, EPass, LeeWay",,"Variably priced Reversible Express lanes, Trucks allowed.  Special conditions apply. No toll Max",Section 129 (General Toll Progam),Dynamic Variable: Rate varies based on current traffic conditions,See Remarks,$0.50,$0.05,See Remarks,$0.75,$0.05,,,,,
Illinois,Ronald Reagan Memorial Tollway,72, IL State Toll Highway Authority,US 30 Rock Falls (W. terminus) MP 44.2,I-290 (E. terminus) MP 107.38,63.18,101.68,Rural,88,,X,,"IAG (E-Zpass, I-Pass, ETC.)",,"Fares are full length; maximum is toll paid with cash and truck fare at peak, minimum is car toll paid with I-Pass/E-ZPass and off-peak for trucks.  Average is revenue divided by vehicle-miles.",None (not a Federal-aid toll facility),Fixed Variable: Rate varies by time of day  based on pre-set schedule,$10.20,$5.10,$0.04,$27.00,$20.30,$0.18,,,,,
Illinois,Ronald Reagan Memorial Tollway,72, IL State Toll Highway Authority,US 30 Rock Falls (W. terminus) MP 44.2,I-290 (E. terminus) MP 140.25,32.87,52.90,Urban,88,,X,,"IAG (E-Zpass, I-Pass, ETC.)",,"Fares are full length; maximum is toll paid with cash and truck fare at peak, minimum is car toll paid with I-Pass/E-ZPass and off-peak for trucks.  Average is revenue divided by vehicle-miles.",None (not a Federal-aid toll facility),Fixed Variable: Rate varies by time of day  based on pre-set schedule,$10.20,$2.70,$0.04,$27.00,$20.30,$0.18,,,,,
Illinois,Veterans Memorial Tollway,73, IL State Toll Highway Authority,I-80,Army Trail Road,29.59,47.62,Urban,355,,X,,"IAG (E-Zpass, I-Pass, ETC.)",,"Fares are full length; maximum is toll paid with cash and truck fare at peak, minimum is car toll paid with I-Pass/E-ZPass and off-peak for trucks.  Average is revenue divided by vehicle-miles.",None (not a Federal-aid toll facility),Fixed Variable: Rate varies by time of day  based on pre-set schedule,$4.00,$2.00,$0.09,$16.00,$12.00,$0.33,,,,,
Illinois  3/,Jane Addams Memorial Tollway,74, IL State Toll Highway Authority,East Rockton Road (W. terminus) MP 0.0,Urban/Rural Boundary MP 40.76,40.76,65.60,Rural,"39, 90",,X,,"IAG (E-Zpass, I-Pass, ETC.)",,"Fares are full length; maximum is toll paid with cash and truck fare at peak, minimum is car toll paid with I-Pass/E-ZPass and off-peak for trucks.  Average is revenue divided by vehicle-miles.",None (not a Federal-aid toll facility),Fixed Variable: Rate varies by time of day  based on pre-set schedule,$4.20,$2.10,$0.03,$21.00,$15.75,$0.24,,,,,
Illinois  3/,Jane Addams Memorial Tollway,74, IL State Toll Highway Authority,East Rockton Road (W. terminus) MP 76,River Road (E. terminus) MP 0,38.04,61.22,Urban,"39, 90",,X,,"IAG (E-Zpass, I-Pass, ETC.)",,"Fares are full length; maximum is toll paid with cash and truck fare at peak, minimum is car toll paid with I-Pass/E-ZPass and off-peak for trucks.  Average is revenue divided by vehicle-miles.",None (not a Federal-aid toll facility),Fixed Variable: Rate varies by time of day  based on pre-set schedule,$4.20,$2.10,$0.03,$21.00,$15.75,$0.24,,,,,
Illinois, Chicago Skyway,75,"Skyway Concession Company, LLC", I-94 in Chicago, Indiana Stateline,7.70,12.39,Urban,90,,X,,I-Pass/E-Zpass/I-Zoom (Indiana Toll Road Transponder),,I-Pass only lanes at plaza.  Off-peak discount for trucks (8pm-4am).,None (not a Federal-aid toll facility),Fixed Variable: Rate varies by time of day  based on pre-set schedule,$4.00,$4.00,$0.51,$29.40,$16.00,$3.00,,,,,
Illinois, Tri-State Tollway,76, IL State Toll Highway Authority,Russel Road (N. terminus),SR 394 (S. terminus),82.81,133.27,Urban,94/294/80,,X,,"IAG (E-Zpass, I-Pass, ETC.)",,"Fares are full length; maximum is toll paid with cash and truck fare at peak, minimum is car toll paid with I-Pass/E-ZPass and off-peak for trucks.  Average is revenue divided by vehicle-miles.",None (not a Federal-aid toll facility),Fixed Variable: Rate varies by time of day  based on pre-set schedule,$5.90,$2.85,$0.06,$29.50,$21.40,$0.33,,,,,
Indiana, Indiana East-West Toll Road,78, IN Finance Authority/ITR Concession Company LLC, Illinois Stateline,Ohio Stateline,157.00,252.34,Rural/Urban,80/90,,X,,E-ZPass,,ETC installed and operational April 2008.  Tolls are full length.,None (not a Federal-aid toll facility),Fixed: Rate does not vary by time of day or traffic conditions (May vary by vehicle/weight class or distance traveled).,$10.00,$4.65,$0.06,$86.60,$14.60,$0.26,,,,,
Kansas,Kansas Turnpike,83,KS Turnpike Authority,Oklahoma State Line,"18th Street, Kansas City, Kansas",177.00,284.85,Rural,"35, 335, 470, 70",,X,,K-TAG Transponder System,,"Travel Data and fares: www.ksturnpike.com - 2014 KTA Financial Statements with Supplementary Information. TOLL RATES ARE BASED ON NUMBER OF AXLES (AND DISTANCE), NOT ON WEIGHT. Passenger vehicle data are for 2-axle vehicles.  Commercial vehicle data are for vehicles with 3 or more axles.  Maximum and minimum fees shown are for cash.  Discounts apply for users of K-TAG Transponders (48% usage in 2014). Turnpike nominal total centerline length, based on Interstate mileposts, is 236 miles.  Mileage including connecting lengths is reported in the Highway Performance Monitoring System (HPMS). Rural/Urban split was determined based on FHWA-approved Urbanized Area Boundaries.",None (not a Federal-aid toll facility),Fixed: Rate does not vary by time of day or traffic conditions (May vary by vehicle/weight class or distance traveled).,$12.00,$0.30,$0.05,$77.50,$1.60,$0.13,,,,,
Kansas,Kansas Turnpike,83,KS Turnpike Authority,Oklahoma State Line,"18th Street, Kansas City, Kansas",59.00,94.95,Urban,"35, 335, 470, 70",,X,,K-TAG Transponder System,,"Travel Data and fares: www.ksturnpike.com - 2014 KTA Financial Statements with Supplementary Information. TOLL RATES ARE BASED ON NUMBER OF AXLES (AND DISTANCE), NOT ON WEIGHT. Passenger vehicle data are for 2-axle vehicles.  Commercial vehicle data are for vehicles with 3 or more axles.  Maximum and minimum fees shown are for cash.  Discounts apply for users of K-TAG Transponders (48% usage in 2014). Turnpike nominal total centerline length, based on Interstate mileposts, is 236 miles.  Mileage including connecting lengths is reported in the Highway Performance Monitoring System (HPMS). Rural/Urban split was determined based on FHWA-approved Urbanized Area Boundaries.",None (not a Federal-aid toll facility),Fixed: Rate does not vary by time of day or traffic conditions (May vary by vehicle/weight class or distance traveled).,$12.00,$0.30,$0.05,$77.50,$1.60,$0.13,,,,,
Maine, Maine Turnpike,90, ME Turnpike Authority (I-95),Kittery,Augusta,81.61,131.34,Rural,95,,X,,E-ZPass,,"E-ZPass launched 2005, replacing proprietary Transpass system.",None (not a Federal-aid toll facility),Fixed: Rate does not vary by time of day or traffic conditions (May vary by vehicle/weight class or distance traveled).,$2.35,$0.60,$0.03,$10.60,$2.70,$0.08,,,,,
Maine, Maine Turnpike,90, ME Turnpike Authority (I-95),Kittery,Augusta,23.80,38.30,Urban,95,,X,,E-ZPass,,"E-ZPass launched 2005, replacing proprietary Transpass system.",None (not a Federal-aid toll facility),Fixed: Rate does not vary by time of day or traffic conditions (May vary by vehicle/weight class or distance traveled).,$2.35,$0.60,$0.05,$10.60,$2.70,$0.15,,,,,
Maine, Maine Turnpike,90, ME Turnpike Authority (I-95),Saco I-95,Saco RTE 5,0.37,0.59,Rural,195,,X,,E-ZPass,,,None (not a Federal-aid toll facility),Fixed: Rate does not vary by time of day or traffic conditions (May vary by vehicle/weight class or distance traveled).,$0.60,$0.60,$0.05,$2.70,$2.70,$0.19,,,,,
Maine, Maine Turnpike,90, ME Turnpike Authority (I-295),Scarborough I-95,Portland I-295,0.56,0.90,Rural,295,,X,,E-ZPass,,,None (not a Federal-aid toll facility),Fixed: Rate does not vary by time of day or traffic conditions (May vary by vehicle/weight class or distance traveled).,$0.60,$0.60,$0.05,$2.70,$2.70,$0.14,,,,,
Maine, Maine Turnpike,90, ME Turnpike Authority (I-495),Scarborough I-95,Portland I-295,0.57,0.91,Urban,495,,X,,E-ZPass,,,None (not a Federal-aid toll facility),Fixed: Rate does not vary by time of day or traffic conditions (May vary by vehicle/weight class or distance traveled).,$2.85,$0.60,$0.03,$12.85,$2.70,$0.08,,,,,
Maine, Maine Turnpike,90, ME Turnpike Authority (I-495),Falmouth I-95,Falmouth I-495,2.56,4.12,Rural,495,,X,,E-ZPass,,,None (not a Federal-aid toll facility),Fixed: Rate does not vary by time of day or traffic conditions (May vary by vehicle/weight class or distance traveled).,$2.85,$0.60,$0.05,$12.85,$2.70,$0.14,,,,,
Maine, Maine Turnpike ,90, ME Turnpike Authority (I-495),Falmouth I-495,Falmouth I-295,0.87,1.40,Urban,495,,X,,E-ZPass,,,None (not a Federal-aid toll facility),Fixed: Rate does not vary by time of day or traffic conditions (May vary by vehicle/weight class or distance traveled).,$2.85,$0.60,$0.05,$12.85,$2.70,$0.14,,,,,
Maryland,John F. Kennedy Memorial Highway ,94,MD Transportation Authority (MDTA),Northern Baltimore City Line,Delaware Border,50.00,80.50,Rural,95,N,,,E-Z Pass,,,Section 129 (General Toll Progam),Fixed Rate does not vary by time of day or traffic conditions (May vary by vehicle/weight class or distance traveled).,$12.00,$2.80,$0.15,$75.00,$16.00,$0.91,,,,,
Maryland,John F. Kennedy Memorial Highway - Express Toll Lanes (ETL),98,MD Transportation Authority (MDTA),I-895,MD 43,9.63,15.50,Urban,95,,X,,E-ZPass,,Express Toll Lanes opened December 2014,Value Pricing Pilot Program,Fixed Variable: Rate varies by time of day  based on pre-set schedule,$2.75,$0.70,$0.18,$19.74,$5.25,$1.30,,,,,
Massachusetts, Massachusetts Turnpike,103,MassDot, New York State Line, I-93 Boston,38.42,61.87,Rural,90,,X,,E-ZPass,,Multi-axle fare structure with some non-tolled situations,None (not a Federal-aid toll facility),Fixed: Rate does not vary by time of day or traffic conditions (May vary by vehicle/weight class or distance traveled).,$1.40,$0.45,$0.02,$9.55,$0.45,$0.13,,,,,
Massachusetts, Massachusetts Turnpike,103,MassDot, New York State Line, I-93 Boston,101.10,162.80,Urban,90,,X,,E-ZPass,,Multi-axle fare structure with some non-tolled situations,None (not a Federal-aid toll facility),Fixed: Rate does not vary by time of day or traffic conditions (May vary by vehicle/weight class or distance traveled).,$7.90,$0.25,$0.04,$19.90,$0.25,$0.10,,,,,
Minnesota, MNPass,113, MN Dept of Trans,"JCT TH-42 (Burnsville, MN)","I-94 (Minneapolis, MN)",16.00,25.75,Urban,35W,,X,,MNPass http://www.mnpass.org/,,Carpools and motorcycles free; trucks limited to 26K pounds.,Express Lanes Demo Program,Dynamic Variable: Rate varies based on current traffic conditions,$8.00,$0.25,$0.13,$8.00,$0.25,,,,,,
Minnesota, MNPass,113, MN Dept of Trans,JCT 12 (Wayzata Blvd),"I-94 (Minneapolis, MN)",11.00,17.70,Urban,394,,X,,MNPass http://www.mnpass.org/,,Carpools and motorcycles free; trucks limited to 26K pounds.,Value Pricing Pilot Program,Dynamic Variable: Rate varies based on current traffic conditions,$8.00,$0.25,$0.15,$8.00,$0.25,,,,,,
Minnesota, MNPass,113, MN Dept of Trans,Cayuga Street (St. Paul),County Trunk Highway J (White Bear Twnshp),12.00,19.31,Urban,35E,,X,,MNPass http://www.mnpass.org/,,Carpools and motorcycles free; trucks limited to 26K pounds.,Section 129 (General Toll Progam),Dynamic Variable: Rate varies based on current traffic conditions,$8.00,$0.25,,$8.00,$0.25,,,,,,
New Hampshire,F.E. Everett Turnpike,118, NH Department of Transportation,I-293 Exit 3 in Bedford,I-293 Exit 10 in Hooksett,7.43,11.95,Urban,293,,,X,,7.43,Non-toll segment of F.E. Everett Turnpike ,None (not a Federal-aid toll facility),,,,,,,,,,,,
New Hampshire,F.E. Everett Turnpike,118,NH Department of Transportation,I-93 Exit 10 in Hooksett,I-93 Exit 12 in Concord,9.49,15.27,Rural/Urban,93,,X,,E-Zpass,,Open road Tolling since May 2013,None (not a Federal-aid toll facility),Fixed: Rate does not vary by time of day or traffic conditions (May vary by vehicle/weight class or distance traveled).,$1.75,$0.35,$0.09,$5.50,$0.90,$0.22,,,,,
New Hampshire,F.E. Everett Turnpike,118,NH Department of Transportation,I-93 Exit 12 in Concord,I-93 Exit 14 in Concord,2.27,3.65,Urban,93,,,X,,2.27,Non-toll segment of F.E. Everett Turnpike ,None (not a Federal-aid toll facility),,,,,,,,,,,,
New Hampshire,Blue Star Turnpike,117,NH Department of Transportation,Massachusetts State Line,I-95 Exit 1 in Seabrook,1.16,1.87,Urban,95,,,X,,1.16,Non-toll segment of Blue Star Turnpike ,None (not a Federal-aid toll facility),,,,,,,,,,,,
New Hampshire,Blue Star Turnpike,117,NH Department of Transportation,I-95 Exit 1 in Seabrook,I-95 Exit 3 in Portsmouth,11.30,18.19,Urban,95,,X,,E-ZPass,,Open road Tolling since June 2010,None (not a Federal-aid toll facility),Fixed: Rate does not vary by time of day or traffic conditions (May vary by vehicle/weight class or distance traveled).,$2.75,$0.53,$0.15,$7.50,$1.35,$0.67,,,,,
New Hampshire,Blue Star Turnpike,117,NH Department of Transportation,I-95 Exit 3 in Portsmouth,Maine State Line,3.74,6.02,Urban,95,,,X,,3.74,Non-toll segment of Blue Star Turnpike ,None (not a Federal-aid toll facility),,,,,,,,,,,,
New Jersey, New Jersey Turnpike ,152, NJ Turnpike Authority,Delaware River Bridge ,George Washington Bridge,76.78,123.57,Urban,95,,X,,E-ZPass,,Toll data based on entire mainline,None (not a Federal-aid toll facility),Fixed Variable: Rate varies by time of day  based on pre-set schedule,$13.85,$10.40,,$56.85,$43.95,,,,,,
New Jersey, Newark Bay Extension,150, NJ Turnpike Authority,Interchange 1/9, Holland Tunnel,8.17,13.15,Urban,78,,X,,E-ZPass,,Toll data based on Extension only,None (not a Federal-aid toll facility),Fixed Variable: Rate varies by time of day  based on pre-set schedule,$5.60,$4.90,,$5.60,$4.90,,,,,,
New Jersey, Pearl Harbor Memorial Extension (formerly known as the Pennsylvania Extension),151, NJ Turnpike Authority, Delaware River Bridge, New Jersey Turnpike,5.70,9.17,Rural,276,,X,,E-ZPass,,,None (not a Federal-aid toll facility),Fixed Variable: Rate varies by time of day  based on pre-set schedule,$1.95,$1.95,,$1.95,$1.95,,,,,,
New York,Gov. Thomas E. Dewey Thruway (Main Line),183,NY State Thruway Authority,Pennsylvania Line,Albany,236.90,381.25,Rural,90,,X,,E-ZPass,,Woodbury to Williamsville and Erie Section.,None (not a Federal-aid toll facility),Fixed: Rate does not vary by time of day or traffic conditions (May vary by vehicle/weight class or distance traveled).,$33.70,$0.15,$0.05,$137.90,$0.40,$0.24,,,,,
New York,Gov. Thomas E. Dewey Thruway (Main Line),183,NY State Thruway Authority,Pennsylvania Line,Albany,111.20,178.96,Urban,90,,X,,E-ZPass,9.10,Woodbury to Williamsville and Erie Section.,None (not a Federal-aid toll facility),Fixed: Rate does not vary by time of day or traffic conditions (May vary by vehicle/weight class or distance traveled).,$33.70,$0.15,$0.05,$137.90,$0.40,$0.24,,,,,
New York,Gov. Thomas E. Dewey Thruway (Main Line),183,NY State Thruway Authority,New York City,Albany,89.50,144.04,Rural,87,,X,,E-ZPass,,Woodbury to Williamsville and Erie Section.,None (not a Federal-aid toll facility),Fixed: Rate does not vary by time of day or traffic conditions (May vary by vehicle/weight class or distance traveled).,$33.70,$0.15,$0.05,$137.90,$0.40,$0.24,,,,,
New York,Gov. Thomas E. Dewey Thruway (Main Line),183,NY State Thruway Authority,New York City,Albany,56.60,91.09,Urban,87,,X,,E-ZPass,17.80,Woodbury to Williamsville and Erie Section.,None (not a Federal-aid toll facility),Fixed: Rate does not vary by time of day or traffic conditions (May vary by vehicle/weight class or distance traveled).,$33.70,$0.15,$0.05,$137.90,$0.40,$0.24,,,,,
New York,Berkshire Section,184,NY State Thruway Authority,Exit B1 (US 9),Massachusetts Line,17.90,28.81,Rural,90,,X,,E-ZPass,,Based on travel from Buffalo or NYC.,None (not a Federal-aid toll facility),Fixed: Rate does not vary by time of day or traffic conditions (May vary by vehicle/weight class or distance traveled).,$33.70,$0.15,$0.05,$137.90,$0.40,$0.24,,,,,
New York,Niagara Section,185,NY State Thruway Authority,Buffalo,Niagara Falls,21.60,34.76,Urban,190,,X,,E-ZPass,16.70,No tolls at barriers since 10/30/06,None (not a Federal-aid toll facility),,,,,,,,,,,,
New York,New England Section,186,NY State Thruway Authority,"Pelham Parkway, New York, NY",Connecticut Line,15.00,24.14,Urban,95,N,,,E-ZPass,10.20,,None (not a Federal-aid toll facility),Fixed: Rate does not vary by time of day or traffic conditions (May vary by vehicle/weight class or distance traveled).,$3.00,$1.66,,$9.75,$3.33,,,,,,
Ohio,Ohio Turnpike,196,OH Turnpike Commission,Pennsylvania Line,Youngstown,22.50,36.21,Rural,76,,X,,E-ZPass,,,Section 129 (General Toll Progam),Fixed: Rate does not vary by time of day or traffic conditions (May vary by vehicle/weight class or distance traveled).,$16.50,$0.50,$0.06,$83.00,$0.50,$0.15,,,,,
Ohio,Ohio Turnpike,196,OH Turnpike Commission,Youngstown,Cleveland,75.90,122.15,Rural,80,,X,,E-ZPass,,,Section 129 (General Toll Progam),Fixed: Rate does not vary by time of day or traffic conditions (May vary by vehicle/weight class or distance traveled).,$16.50,$0.50,$0.06,$83.00,$0.50,$0.15,,,,,
Ohio,Ohio Turnpike,196,OH Turnpike Commission,Cleveland,Indiana Line,142.80,229.81,Rural,"80, 90",,X,,E-ZPass,,,Section 129 (General Toll Progam),Fixed: Rate does not vary by time of day or traffic conditions (May vary by vehicle/weight class or distance traveled).,$16.50,$0.50,$0.06,$83.00,$0.50,$0.15,,,,,
Oklahoma,Turner Turnpike,197,OK Turnpike Authority,Oklahoma City,Tulsa,80.80,130.04,Rural,44,,X,,Pike Pass,,The maximum and minim;um passeger and truck fees are for the entire turnpike and are not broken down by rural and urban areas,None (not a Federal-aid toll facility),Fixed: Rate does not vary by time of day or traffic conditions (May vary by vehicle/weight class or distance traveled).,$4.00,$0.25,$0.05,$20.00,$1.50,$0.23,,,,,
Oklahoma,Turner Turnpike,197,OK Turnpike Authority,Oklahoma City,Tulsa,5.20,8.37,Urban,44,,X,,Pike Pass,,The maximum and minim;um passeger and truck fees are for the entire turnpike and are not broken down by rural and urban areas,None (not a Federal-aid toll facility),Fixed: Rate does not vary by time of day or traffic conditions (May vary by vehicle/weight class or distance traveled).,$4.00,$0.25,$0.05,$20.00,$1.50,$0.23,,,,,
Oklahoma,Will Rogers Turnpike,198,OK Turnpike Authority,Tulsa,Missouri State Line,84.90,136.63,Rural,44,,X,,Pike Pass,,The maximum and minim;um passeger and truck fees are for the entire turnpike and are not broken down by rural and urban areas,None (not a Federal-aid toll facility),Fixed: Rate does not vary by time of day or traffic conditions (May vary by vehicle/weight class or distance traveled).,$4.00,$0.25,$0.05,$20.00,$1.75,$0.23,,,,,
Oklahoma,Will Rogers Turnpike,198,OK Turnpike Authority,Tulsa,Missouri State Line,3.60,5.79,Urban,44,,X,,Pike Pass,,The maximum and minim;um passeger and truck fees are for the entire turnpike and are not broken down by rural and urban areas,None (not a Federal-aid toll facility),Fixed: Rate does not vary by time of day or traffic conditions (May vary by vehicle/weight class or distance traveled).,$4.00,$0.25,$0.05,$20.00,$1.75,$0.23,,,,,
Oklahoma,H.E. Bailey Turnpike,199,OK Turnpike Authority,US 62 South of Oklahoma City,US 277 North of Lawton,62.40,92.22,Rural,44,,X,,Pike Pass,,The maximum and minim;um passeger and truck fees are for the entire turnpike and are not broken down by rural and urban areas,None (not a Federal-aid toll facility),Fixed: Rate does not vary by time of day or traffic conditions (May vary by vehicle/weight class or distance traveled).,$4.75,$0.25,$0.05,$18.00,$0.45,$0.19,,,,,
Oklahoma,H.E. Bailey Turnpike,199,OK Turnpike Authority,US 62 South of Oklahoma City,US 277 North of Lawton,7.20,11.59,Urban,44,,X,,Pike Pass,,The maximum and minim;um passeger and truck fees are for the entire turnpike and are not broken down by rural and urban areas,None (not a Federal-aid toll facility),Fixed: Rate does not vary by time of day or traffic conditions (May vary by vehicle/weight class or distance traveled).,$4.75,$0.25,$0.05,$18.00,$0.45,$0.19,,,,,
Oklahoma,H.E. Bailey Turnpike,199,OK Turnpike Authority,US 277 South of Lawton,"US 70, 5.2 miles N. of TX State Line",25.00,40.23,Rural,44,,X,,Pike Pass,,The maximum and minim;um passeger and truck fees are for the entire turnpike and are not broken down by rural and urban areas,None (not a Federal-aid toll facility),Fixed: Rate does not vary by time of day or traffic conditions (May vary by vehicle/weight class or distance traveled).,$4.75,$0.25,$0.05,$18.00,$0.45,$0.19,,,,,
Pennsylvania, Pennsylvania Turnpike,208, PA Turnpike Commission, Irwin (MP 67.62), Carlisle (MP 226.44),158.82,255.60,Rural,76,,X,,E-ZPass,,Rates also vary by Cash or EZPass payment,None (not a Federal-aid toll facility),Fixed: Rate does not vary by time of day or traffic conditions (May vary by vehicle/weight class or distance traveled).,$18.45,$13.12,$0.04,$692.95,$18.97,$0.18,,,,,
Pennsylvania,Pennsylvania Turnpike Eastern Extension,209, PA Turnpike Commission, Carlisle (MP 226.4), Valley Forge (MP 326),99.56,160.23,Rural,76,,X,,E-ZPass,,Rates also vary by Cash or EZPass payment,None (not a Federal-aid toll facility),Fixed: Rate does not vary by time of day or traffic conditions (May vary by vehicle/weight class or distance traveled).,$10.75,$7.60,$0.04,$451.20,$11.38,$0.15,,,,,
Pennsylvania,Pennsylvania Turnpike Eastern Extension,209, PA Turnpike Commission, Carlisle, Valley Forge,5.20,8.37,Urban,76,,X,,E-ZPass,,Rates also vary by Cash or EZPass payment,None (not a Federal-aid toll facility),Fixed: Rate does not vary by time of day or traffic conditions (May vary by vehicle/weight class or distance traveled).,,,,,,,,,,,
Pennsylvania,Pennsylvania Turnpike Northeastern Extension,210, PA Turnpike Commission, I-76 (MP A20.4), I-81 (MP A130.0),109.60,176.38,Rural,476,,X,,E-ZPass,,Rates also vary by Cash or EZPass payment,None (not a Federal-aid toll facility),Fixed: Rate does not vary by time of day or traffic conditions (May vary by vehicle/weight class or distance traveled).,$12.50,$8.62,$0.02,$503.20,$14.14,$0.08,,,,,
Pennsylvania,Pennsylvania Turnpike Northeastern Extension,210, PA Turnpike Commission, I-76, I-81,22.70,36.53,Urban,476,,X,,E-ZPass,,Rates also vary by Cash or EZPass payment,None (not a Federal-aid toll facility),Fixed: Rate does not vary by time of day or traffic conditions (May vary by vehicle/weight class or distance traveled).,,,,,,,,,,,
Pennsylvania,Pennsylvania Turnpike Western Extension,211, PA Turnpike Commission, Irwin (MP 67.62), Ohio Line (MP 0),67.62,108.82,Rural,76,,X,,E-ZPass,,Rates also vary by Cash or EZPass payment,None (not a Federal-aid toll facility),Fixed: Rate does not vary by time of day or traffic conditions (May vary by vehicle/weight class or distance traveled).,$11.30,$7.93,$0.06,$215.20,$9.31,$0.30,,,,,
Pennsylvania,Pennsylvania Turnpike Western Extension,211, PA Turnpike Commission, Irwin, Ohio Line,13.00,20.92,Urban,76,,X,,E-ZPass,,Rates also vary by Cash or EZPass payment,None (not a Federal-aid toll facility),Fixed: Rate does not vary by time of day or traffic conditions (May vary by vehicle/weight class or distance traveled).,,,,,,,,,,,
Pennsylvania,Pennsylvania Turnpike Delaware River Extension,212, PA Turnpike Commission, Valley Forge (MP 326), Delaware River Bridge (MP 359),33.00,53.11,Urban,276,,X,,E-ZPass,,2.5 Mi section (Brdg to I-95) to be added. Rates also vary by Cash or EZPass payment,None (not a Federal-aid toll facility),Fixed: Rate does not vary by time of day or traffic conditions (May vary by vehicle/weight class or distance traveled).,$5.90,$4.14,$0.08,$228.55,$5.17,$0.32,,,,,
Puerto Rico,Luis A. Ferre Expressway (PR-52),290,Puerto Rico Highway and Transportation Authority,"PR-2, Ponce Southwest Urban Limit","PR-1, Ponce Southwest Urban Limit",4.97,8.00,Urban,X,N/S,X,,Radio Frecuency ID (Auto Expresso),,"Ponce Toll Plaza.   Auto Expreso Lanes:1,2,3,11,12,13",None (not a Federal-aid toll facility),Fixed: Rate does not vary by time of day or traffic conditions (May vary by vehicle/weight class or distance traveled).,$0.75,$0.75,$0.15,$2.75,$0.75,$0.39,,,,,
Puerto Rico,Luis A. Ferre Expressway (PR-52),290,Puerto Rico Highway and Transportation Authority,"PR-1, Ponce Southeast Urban Limit","PR-149, Juana Díaz South Urban Limit",6.06,9.75,Urban,X,S,X,X,Radio Frecuency ID (Auto Expresso),,"Juana Diaz Sur Toll :11,12,13",None (not a Federal-aid toll facility),Fixed: Rate does not vary by time of day or traffic conditions (May vary by vehicle/weight class or distance traveled).,$0.50,$0.50,$0.08,$2.25,$0.50,$0.24,,,,,
Puerto Rico,Luis A. Ferre Expressway (PR-52),290,Puerto Rico Highway and Transportation Authority,PR-153,PR-149,9.08,14.61,Urban,X,N,X,X,Radio Frecuency ID (Auto Expresso),,"Juana Diaz Norte Toll :1,2,3",None (not a Federal-aid toll facility),Fixed: Rate does not vary by time of day or traffic conditions (May vary by vehicle/weight class or distance traveled).,$0.50,$0.50,$0.06,$2.25,$0.50,$0.16,,,,,
Puerto Rico,Luis A. Ferre Expressway (PR-52),290,Puerto Rico Highway and Transportation Authority,PR-1,PR-153,6.75,10.86,Urban,X,S,X,X,Radio Frecuency ID (Auto Expresso),,"Salinas Sur Toll- Ramp ;1,2,11,12",None (not a Federal-aid toll facility),Fixed: Rate does not vary by time of day or traffic conditions (May vary by vehicle/weight class or distance traveled).,$0.35,$0.35,$0.05,$1.95,$0.35,$0.18,,,,,
Puerto Rico,Luis A. Ferre Expressway (PR-52),290,Puerto Rico Highway and Transportation Authority,PR-153,PR-184,27.92,44.93,Rural,X,N,,,Radio Frequency ID (Auto Expreso) 2 lanes,,"Salinas Toll Plaza.  Auto Expreso Lanes: 11,12,13,14",None (not a Federal-aid toll facility),Fixed: Rate does not vary by time of day or traffic conditions (May vary by vehicle/weight class or distance traveled).,$1.75,$1.75,$0.06,$7.25,$1.75,$0.14,,,,,
Puerto Rico,Luis A. Ferre Expressway (PR-52),290,Puerto Rico Highway and Transportation Authority,PR-184,"PR-1, Caguas South Urban Limit",5.68,9.14,Urban,X,S,,,Radio Frequency ID (Auto Expreso) 1 lane,,"Plaza Caguas Sur.  Auto Expreso Lane: 1,2,4,5,6,7",None (not a Federal-aid toll facility),Fixed: Rate does not vary by time of day or traffic conditions (May vary by vehicle/weight class or distance traveled).,$1.00,$1.00,$0.18,$4.50,$1.00,$0.52,,,,,
Puerto Rico,Luis A. Ferre Expressway (PR-52),290,Puerto Rico Highway and Transportation Authority,"PR-1, Caguas South Urban Limit","PR-1, San Juan Urban Area",14.30,23.01,Urban,X,N,,,Radio Frequency ID ( Auto Expreso) 4  lanes,,"Plaza Caguas Norte: Auto expreso Lanes:11,12,13,16,17,18,19,20",None (not a Federal-aid toll facility),Fixed: Rate does not vary by time of day or traffic conditions (May vary by vehicle/weight class or distance traveled).,$1.50,$1.50,$0.10,$5.50,$1.50,$0.27,,,,,
Puerto Rico,Luis A. Ferre Expressway (PR-52),290,Puerto Rico Highway and Transportation Authority,MonteHiedra Avenue,PR-1 & PR-18 (San Juan),3.40,5.47,Urban,X,N,,,Radio Frecuency ID (Auto Expresso),,"Montehiedra Toll- Ramp :11,12,13",None (not a Federal-aid toll facility),Fixed: Rate does not vary by time of day or traffic conditions (May vary by vehicle/weight class or distance traveled).,$0.35,$0.35,$0.10,$1.95,$0.35,$0.35,,,,,
Puerto Rico,De Diego Expessway (PR-22),291,Metropistas,"PR-10, Arecibo Southeast Urban Limit","PR-2, Hatillo",5.72,9.21,Urban,X,N/S,,,Radio Frequency ID (Auto Expreso) 2 lanes,,"Hatillo Toll Plaza.  Auto Expreso Lanes:11,14,15",None (not a Federal-aid toll facility),Fixed: Rate does not vary by time of day or traffic conditions (May vary by vehicle/weight class or distance traveled).,$1.00,$1.00,$0.17,$4.50,$1.00,$0.51,,,,,
Puerto Rico,De Diego Expessway (PR-22),291,Metropistas,"PR-140, Florida-Barceloneta and Arecibo Urbanized Area","PR-10, Arecibo Southeast Urban Limit",12.37,19.91,Urban,X,N/S,X,,Radio Frequency ID (Auto Expreso) 2 lanes,,"Arecibo Toll Plaza, Auto Expreso lanes: 2,3,12,13",None (not a Federal-aid toll facility),Fixed: Rate does not vary by time of day or traffic conditions (May vary by vehicle/weight class or distance traveled).,$0.75,$0.75,$0.06,$2.75,$0.75,$0.16,,,,,
Puerto Rico,De Diego Expessway (PR-22),291,Metropistas,"PR-137, Vega Baja West Urban Limit","PR-140, Florida-Barceloneta and Arecibo Urbanized Area",8.37,13.47,Urban,X,S,,,Radio Frequency ID (Auto Expreso) 2 lanes,,"Manati Toll Plaza.  Auto Expreso Lanes: 1,3,4,5,6",None (not a Federal-aid toll facility),Fixed: Rate does not vary by time of day or traffic conditions (May vary by vehicle/weight class or distance traveled).,$1.50,$1.50,$0.18,$5.50,$1.50,$0.46,,,,,
Puerto Rico,De Diego Expessway (PR-22),291,Metropistas,"PR-659, Dorado East Municipal Limit","PR-137, Vega Baja West Urban Limit",11.06,17.80,Urban,X,N,,,Radio Frequency ID (Auto Expreso) 2 lanes,,"Vega Alta Toll Plaza. Auto Expreso Lanes: 11,12,14,15,16",None (not a Federal-aid toll facility),Fixed Variable: Rate varies by time of day  based on pre-set schedule,$1.00,$1.00,$0.09,$4.50,$1.00,$0.25,,,,,
Puerto Rico,De Diego Expessway (PR-22),291,Metropistas,PR-2,PR-866 San Juan West Urbanized Boundary,6.15,9.90,Urban,X,N,,,Radio Frequency ID (Auto Expreso) 5 lanes,,"Buchanan Toll Plaza-Auto Expreso Lanes: 11,12,13,18,19,20,21,22,23",None (not a Federal-aid toll facility),Fixed: Rate does not vary by time of day or traffic conditions (May vary by vehicle/weight class or distance traveled).,$1.00,$1.00,$0.16,$4.50,$1.00,$0.48,,,,,
Puerto Rico,De Diego Expessway (PR-22),291,Metropistas,"PR-866, San Juan West Urbanized Boundary","PR-659, Dorado East Municipal Limit",5.28,8.50,Urban,X,S,,,Radio Frequency ID (Auto Expreso) 2 lanes,,"Toa Baja Toll Plaza. Auto Expreso Lanes:1,2,4,5,6",None (not a Federal-aid toll facility),Fixed: Rate does not vary by time of day or traffic conditions (May vary by vehicle/weight class or distance traveled).,$1.00,$1.00,$0.19,$4.50,$1.00,$0.55,,,,,
Puerto Rico,PR-53 Expressway: José Celso Barbosa,292,Puerto Rico Highway and Transportation Authority,"PR-973, South of Fajardo Urbanized Boundary","PR-3, Humacao East City limit",10.99,17.69,Urban,X,N,X,,Radio Frecuency ID (Auto Expresso),,"Humacao North Toll Plaza :11,12,13",None (not a Federal-aid toll facility),Fixed: Rate does not vary by time of day or traffic conditions (May vary by vehicle/weight class or distance traveled).,$1.00,$1.00,$0.09,$4.50,$1.00,$0.27,,,,,
Puerto Rico,PR-53 Expressway: José Dávila Mosanto,293,Puerto Rico Highway and Transportation Authority,PR-713,PR-54,3.83,6.16,Rural,X,N/S,X,,Radio Frecuency ID (Auto Expresso),,"Guayama Plaza :1,2,3,11,12,13",None (not a Federal-aid toll facility),Fixed: Rate does not vary by time of day or traffic conditions (May vary by vehicle/weight class or distance traveled).,$0.50,$0.50,$0.13,$2.25,$0.50,$0.38,,,,,
Puerto Rico,PR-53 Expressway: José Dávila Mosanto,293,Puerto Rico Highway and Transportation Authority,PR-52,PR-713,4.72,7.60,Rural,X,S,X,,Radio Frecuency ID (Auto Expresso),,"Húcar Plaza :1,2",None (not a Federal-aid toll facility),Fixed: Rate does not vary by time of day or traffic conditions (May vary by vehicle/weight class or distance traveled).,$1.00,$1.00,$0.21,$4.50,$1.00,$0.62,,,,,
Puerto Rico,PR-53 Expressway: José Celso Barbosa,292,Puerto Rico Highway and Transportation Authority,"PR-3, Fajardo South Urban Limit",PR-973,8.43,13.57,Urban,X,S,X,,Radio Frecuency ID (Auto Expresso),,"Plaza Ceiba :1,2,3",None (not a Federal-aid toll facility),Fixed: Rate does not vary by time of day or traffic conditions (May vary by vehicle/weight class or distance traveled).,$1.00,$1.00,$0.12,$4.50,$1.00,$0.35,,,,,
Puerto Rico,De Diego Expessway (PR-22),291,Puerto Rico Highway and Transportation Authority,"PR-2, Florida-Barceloneta and Arecibo Urbanized Area","PR-10, Arecibo Southeast Urban Limit",5.70,9.17,Urban,X,S,,,Radio Frecuency ID (Auto Expresso),,Factor Arecibo Ramp :2,None (not a Federal-aid toll facility),Fixed: Rate does not vary by time of day or traffic conditions (May vary by vehicle/weight class or distance traveled).,$0.50,$0.50,$0.09,$2.25,$0.50,$0.26,,,,,
Puerto Rico,PR-53 Expressway: José Celso Barbosa,292,Puerto Rico Highway and Transportation Authority,"PR-3, Humacao","PR-9914, Yabucoa",7.63,12.28,Urban,X,S,X,,Radio Frecuency ID (Auto Expresso),,"Humacao South Toll :1,2,3",None (not a Federal-aid toll facility),Fixed: Rate does not vary by time of day or traffic conditions (May vary by vehicle/weight class or distance traveled).,$1.00,$1.00,$0.13,$4.50,$1.00,$0.38,,,,,
Puerto Rico,Roberto Sánchez Vilella Expressway (PR-66),296,Puerto Rico Highway and Transportation Authority,"PR-26 Int. PR-3, Carolina","PR-3, Canóvanas",8.62,13.87,Urban,X,N/S,,,Radio Frecuency ID (Auto Expresso) Four lanes,,"Carolina Toll Plaza. Auto Esp. Lanes :1,4,5,6,11,14,15,16",None (not a Federal-aid toll facility),Fixed: Rate does not vary by time of day or traffic conditions (May vary by vehicle/weight class or distance traveled).,$1.50,$1.50,$0.17,$4.25,$1.50,$0.39,,,,,
Puerto Rico,Roberto Sánchez Vilella Expressway (PR-66),296,Puerto Rico Highway and Transportation Authority,"PR-853, Carolina","PR-3, Canóvanas",5.68,9.14,Urban,X,S,,,Radio Frecuency ID (Auto Expresso),,"Ramp One South Auto Expresso Lane :1,4",None (not a Federal-aid toll facility),Fixed: Rate does not vary by time of day or traffic conditions (May vary by vehicle/weight class or distance traveled).,$0.75,$0.75,$0.13,$2.75,$0.75,$0.34,,,,,
Puerto Rico,Roberto Sánchez Vilella Expressway (PR-66),296,Puerto Rico Highway and Transportation Authority,"PR-853, Carolina","PR-3, Canóvanas",5.68,9.14,Urban,X,N,,,Radio Frecuency ID (Auto Expresso),,Ramp-One Auto Expresso Lane :1114,None (not a Federal-aid toll facility),Fixed: Rate does not vary by time of day or traffic conditions (May vary by vehicle/weight class or distance traveled).,$0.75,$0.75,$0.13,$2.75,$0.75,$0.34,,,,,
Puerto Rico,Roberto Sánchez Vilella Expressway (PR-66),296,Puerto Rico Highway and Transportation Authority,Canovanas,Rio Grande,10.81,17.04,Urban,X,S,,,Radio Frecuency ID (Auto Expresso),,"Rio Grande South Toll :1,2,3",None (not a Federal-aid toll facility),Fixed: Rate does not vary by time of day or traffic conditions (May vary by vehicle/weight class or distance traveled).,$1.00,$1.00,$0.14,$4.25,$1.50,$0.44,,,,,
Puerto Rico,Roberto Sánchez Vilella Expressway (PR-66),296,Puerto Rico Highway and Transportation Authority,Canovanas ,Rio Grande,10.81,17.04,Urban,X,N,,,Radio Frecuency ID (Auto Expresso),,"Rio Grande North Toll :11,12,13",None (not a Federal-aid toll facility),Fixed: Rate does not vary by time of day or traffic conditions (May vary by vehicle/weight class or distance traveled).,$1.00,$1.00,$0.07,$2.75,$0.75,$0.25,,,,,
South Carolina,Southern Connector,219,Connector 2000 Association,I-385/ US 276,I-85,16.00,25.75,Rural,185,,X,,Palmetto Pass (transponder),,,None (not a Federal-aid toll facility),Fixed: Rate does not vary by time of day or traffic conditions (May vary by vehicle/weight class or distance traveled).,$3.00,$0.75,$0.19,$12.00,$0.75,$0.40,,,,,
Texas,Katy Managed Lanes,246,Harris County Toll Road Authority,IH 610,SH 6,12.00,19.31,Urban,10,,X,,Automatic Vehicle ID (AVI),,HOV drivers are allowed toll free use under terms and conditions.,Value Pricing Pilot Program,Fixed Variable: Rate varies by time of day  based on pre-set schedule,$7.00,$0.30,$0.13,$21.00,$7.00,$1.42,,,,,
Texas,"I-635 LBJ Managed Lanes, Dallas/ Fort Worth",307,Texas Department of Transportation,IH 635 East of Luna Road,Greenville Avenue,10.70,17.23,Urban,635,,X,,Automatic Vehicle ID (AVI),3.20,Some sections still under construction.  Fixed-fee schedule applied for first 6 months of operation; dynamic pricing applied thereafter.,Express Lanes Demo Program,Dynamic Variable: Rate varies based on current traffic conditions,$9.94,$0.00,,$49.69,$29.81,,,,,,
Texas,"I-635 LBJ Managed Lanes, Dallas/ Fort Worth",307,Texas Department of Transportation,IH 35E South of SL 12,South of Valwood Parkway,5.80,9.34,Urban,35E,,X,,Automatic Vehicle ID (AVI) ,,Some sections still under construction.  Fixed-fee schedule applied for first 6 months of operation; dynamic pricing applied thereafter.,Express Lanes Demo Program,Dynamic Variable: Rate varies based on current traffic conditions,$9.94,$0.00,,$49.69,$29.81,,,,,,
Texas,North Tarrant Express - Segments 1 & 2W  ,308,Texas Department of Transportation,IH 35 W,SH 161,13.30,21.40,Urban,820,,X,,Automatic Vehicle ID (AVI),,In Operation.,Express Lanes Demo Program,Dynamic Variable: Rate varies based on current traffic conditions,$9.98,$0.00,,$49.88,$29.81,,,,,,
Texas,Tom Landry Expressway (I-30),329,Texas Department of Transportation,Bairds Farm Road/ Legends Way,Sylvan Ave,16.18,26.04,Urban,30,,X,,Automatic Vehicle ID (AVI) & video enforcement,,Under Construction; Toll Rates based on Time of Day min/max.  No multi-axle verhicles allowed,Express Lanes Demo Program,Fixed Variable: Rate varies by time of day  based on pre-set schedule,$0.40,$0.10,,,,,,,,,
Texas,IH 45 North (North Freeway) HOV/HOT Lane,341,Metropolitan Transit Authority of Harris County,Franklin,Parramatta,19.90,32.02,Urban,45,Reversible,,,"E-Z Tag, METRO Toll Tag",,HOV drivers are allowed toll free use under terms and conditions.,Section 166 (HOV/HOT lanes),Fixed Variable: Rate varies by time of day  based on pre-set schedule,$7.00,$1.00,,Not Allowed,Not Allowed,Not Allowed,,,,,
Texas,IH 45 South (Gulf Freeway ) HOV/HOT Lane,342,Metropolitan Transit Authority of Harris County,Bastrop,Dixie Farm Road,15.50,24.94,Urban,45,Reversible,,,"E-Z Tag, METRO Toll Tag",,HOV drivers are allowed toll free use under terms and conditions.,Section 166 (HOV/HOT lanes),Fixed Variable: Rate varies by time of day  based on pre-set schedule,$6.50,$1.00,,Not Allowed,Not Allowed,Not Allowed,,,,,
Utah ,Express Lanes (Salt Lake City),267,Utah Department of Transportation,"US-6 (Spanish Fork, MP 258.8)",SR-126 (MP 331.8),61.90,99.04,Urban,15,,X,,Transponder,10.10,HOV drivers are allowed toll free use under terms and conditions.,Section 166 (HOV/HOT lanes),Dynamic Variable: Rate varies based on current traffic conditions,$1.00,$0.25,$0.02,Not Allowed,Not Allowed,Not Allowed,,,,,
Virginia,495 Express Lanes,312,"Capital Beltway Express, LLC",Old Dominion Drive,I-95,14.00,22.53,Urban,495,,X,,E-ZPass,,HOV drivers are allowed toll free use under terms and conditions.  Congestion management pricing does not limit the maximum toll rate.,Section 166 (HOV/HOT lanes),Dynamic Variable: Rate varies based on current traffic conditions,,$0.50,$0.50,Not Allowed,Not Allowed,Not Allowed,,,,,
West Virginia, West Virginia Turnpike,288, WV Parkways Economic Development & Tourism Authority, Charleston, Princeton,68.80,110.72,Rural,77,,X,,E-ZPass,,E-ZPass launched 1999.,None (not a Federal-aid toll facility),,,,,,,,,,,,
West Virginia, West Virginia Turnpike,288, WV Parkways Economic Development & Tourism Authority, Charleston, Princeton,18.00,28.97,Urban,77,,X,,E-ZPass,, I-64 Also from Charleston to Beckley,None (not a Federal-aid toll facility),,,,,,,,,,,,